{
    "format_version": "1.19.20",
    "minecraft:block": {
        "description": {
            "identifier": "MoreMineral:aluminium",
            "is_experimental": false,
            "register_to_creative_menu": true
        },
        "components": {
            "minecraft:destroy_time": {
                "value": 4
            },
            "minecraft:block_light_absorption": {
                "value": 0
            },
            "minecraft:block_light_emission": {
                "emission": 0
            },
            "minecraft:explosion_resistance": {
                "value": 2
            },
            "minecraft:flammable": {
                "burn_odds": 0,
                "flame_odds": 0
            },
            "minecraft:friction": {
                "value": 0.6
            },
            "minecraft:map_color": {
                "color": "#66ccff"
            },
            "minecraft:material_instances": {
                "*": {
                    "texture": "aluminium",
                    "render_method": "alpha_test"
                }
            }
        }
    }
}